id;ident;name;e_mail;cost_hour;password;tipo_user;is_active;online;photo;photo_content_type;upload;description
1;EXE projection Fresh;support Gorgeous;withdrawal;52;cutting-edge ability Hat;53408;false;false;../fake-data/blob/hipster.png;image/png;Bahamian Dollar;../fake-data/blob/hipster.txt
2;24/7;Gloves sky blue Oklahoma;robust Engineer;96244;Quality-focused;49724;true;false;../fake-data/blob/hipster.png;image/png;zero tolerance;../fake-data/blob/hipster.txt
3;mission-critical;Berkshire Small Plastic Pants Investor;Canadian Dollar;53093;Way Dominican Republic;59269;true;false;../fake-data/blob/hipster.png;image/png;24/7 Re-contextualized cross-platform;../fake-data/blob/hipster.txt
4;invoice withdrawal;bypassing optical;installation;18651;Refined Rubber Gloves Algerian Dinar Clothing;51209;true;false;../fake-data/blob/hipster.png;image/png;deposit Sausages;../fake-data/blob/hipster.txt
5;disintermediate Cambridgeshire hacking;bricks-and-clicks Concrete Global;Fiji Dollar Profound Bacon;98216;Borders content-based;99625;false;true;../fake-data/blob/hipster.png;image/png;Virginia THX pink;../fake-data/blob/hipster.txt
6;cross-media;programming SCSI drive;invoice Unbranded Cheese;89855;Home Loan Account Tools Unbranded;66350;true;false;../fake-data/blob/hipster.png;image/png;Gloves;../fake-data/blob/hipster.txt
7;Buckinghamshire Ports;Devolved driver Networked;Fish;36646;program alarm;30806;true;true;../fake-data/blob/hipster.png;image/png;Berkshire;../fake-data/blob/hipster.txt
8;dedicated Persevering;Coordinator Cambridgeshire Investor;cross-platform Borders;57690;Cambridgeshire white sensor;28077;true;false;../fake-data/blob/hipster.png;image/png;deposit Chips Applications;../fake-data/blob/hipster.txt
9;uniform PCI back up;Tactics architectures Planner;Facilitator Incredible functionalities;19091;eco-centric Bedfordshire mesh;39469;true;true;../fake-data/blob/hipster.png;image/png;Intranet Ergonomic Concrete Soap Zambian Kwacha;../fake-data/blob/hipster.txt
10;Concrete Bedfordshire;portal calculating Metal;real-time discrete redundant;81011;HDD;91324;false;true;../fake-data/blob/hipster.png;image/png;Borders;../fake-data/blob/hipster.txt
