id;why;jhi_when;is_created_by_apsee
1;../fake-data/blob/hipster.txt;2019-09-17;false
2;../fake-data/blob/hipster.txt;2019-09-16;false
3;../fake-data/blob/hipster.txt;2019-09-16;false
4;../fake-data/blob/hipster.txt;2019-09-17;true
5;../fake-data/blob/hipster.txt;2019-09-17;true
6;../fake-data/blob/hipster.txt;2019-09-17;false
7;../fake-data/blob/hipster.txt;2019-09-17;true
8;../fake-data/blob/hipster.txt;2019-09-17;false
9;../fake-data/blob/hipster.txt;2019-09-17;true
10;../fake-data/blob/hipster.txt;2019-09-17;false
