id;ident;name;description;begin_date;end_date;active
1;Analyst card Licensed Cotton Ball;mindshare Gorgeous;../fake-data/blob/hipster.txt;2019-10-01;2019-10-01;true
2;navigating;Som Rustic Frozen Keyboard ROI;../fake-data/blob/hipster.txt;2019-10-01;2019-10-01;false
3;Tuna Response invoice;alarm Jamaica;../fake-data/blob/hipster.txt;2019-10-01;2019-10-01;false
4;Organic;Cheese Steel;../fake-data/blob/hipster.txt;2019-10-01;2019-10-01;false
5;Small;JBOD;../fake-data/blob/hipster.txt;2019-10-01;2019-10-01;false
6;Handmade;online e-business;../fake-data/blob/hipster.txt;2019-10-01;2019-10-01;true
7;Generic Frozen Tuna HTTP;implement;../fake-data/blob/hipster.txt;2019-10-01;2019-10-01;true
8;EXE payment;Checking Account;../fake-data/blob/hipster.txt;2019-10-01;2019-10-01;true
9;COM;Data North Dakota;../fake-data/blob/hipster.txt;2019-10-01;2019-10-01;true
10;Station;parsing Investment Account;../fake-data/blob/hipster.txt;2019-10-01;2019-09-30;true
